<data>
	<type name="reagent">
		<name>^some powdered |^some ground |^some mashed |^(?:vial of viscous liquid|small troll tooth|large troll tooth|ayanad crystal|s'ayanad crystal|t'ayanad crystal|n'ayanad crystal|glimmering blue essence shard|glowing violet essence shard|some essence of earth|some essence of air|some essence of fire|some glimmering blue essence dust|some glowing violet essence dust|radiant crimson essence shard|perfect myklian belly scale|crystalline globe|pepperthorn root|ayana weed|flask of pure oil|vial of pearlescent oil|essence shard|some essence of water|flask of pure water|flask of clear water|ayana leaf|ayana lichen|ayana root|empty flask|some faintly glowing dust|elemental core|crystal core|pristine nymph's hair|tiny golden seed|vial of farlook vitreous humor|inky necrotic core|some radiant crimson essence dust|glowing violet mote of essence|glimmering blue mote of essence|radiant crimson mote of essence|ayana berry|pristine sprite's hair|pristine siren's hair|dark glimmering crystal|some faintly radiant dust|vial of faintly glowing aelotoi tears|handful of sea salt)$</name>
		<noun>bezoar</noun>
	</type>
	<type name="spirit beast talismans">
		<name>^(?:painted clay talisman|colorful clay talisman|rippled clay talisman|charred clay talisman)$</name>
	</type>
	<type name="alchemy product">
		<name>^(?:minor|lesser|greater|full) (?:mana|mana regeneration|mana\-well) potion|(?:glowing moonstone talisman|mottled malachite talisman|dark murky potion|clear potion|hazy glass vial|glowing brilliant silver potion|silvery potion|diaphanous eight\-sided crystal|dark translucent crystal)$|^swirling grey potion$</name>
	</type>
	<type name="alchemy equipment">
		<name>^(?:sapphire lens|emerald lens|diamond lens|ruby lens|amethyst lens|shadowglass lens|small crystal flask)$|^(clouded|warped|chipped|tapered|smoky|thick|slender) glass vial$</name>
		<noun>^(?:cauldron|mortar)$</noun>
	</type>
	<type name="note">
		<name>^(?:mining chit|.+ promissory note)$</name>
	</type>
	<type name="cursed">
		<name>oblivion quartz$|\bblack ora\b|^urglaes fang$</name>
		<noun>^doomstone$</noun>
	</type>
	<type name="ammo">
		<noun>^(?:arrows?|bolts?|discus(?:es)?|quoits?)$</noun>
	</type>
	<type name="box">
		<noun>^(?:box|chest|coffer|strongbox|trunk)$</noun>
		<exclude>^polished modwir box$</exclude>
	</type>
	<type name="gem">
		<name>^(?:swirled lightning glass shard|fossilized bessho lizard spur|crystallized black thorn|crystallized blue berry|shimmering nodule of marcasite|shimmertine shard|shard of dragonmist crystal|petrified aivren egg|shard of tigerfang crystal|milky quartz eye|obsidian eye|blackened feystone core|shard of pale grey shadowglass|dark grey dreamstone fragment|sphere of carmine\-hued crystal|rock crystal|flake of coarse dark shale|kaleidoscopic oblong saewehna|cloud-shaped smoky grey smoldereye|splinter of pale dragonmist crystal|wickedly curved diamond fang|quartz crystal|(?:round amber|mist blue|hazy red|smooth green) sea glass disk|fossilized thrak tooth|tangerine wulfenite crystal|black-cored emerald orb|square of shale rock|small copper nugget|cloudy alexandrite shard)$</name>
		<noun>^(?:mithril|faenor|rhimar|ora|vultite)\-bloom$|^(?:thunderstone|doomstone|soulstone|riftshard|geode|rosepar|firestone|bloodjewel|pearl|corestone|sard|sphene|jasper|marble|eostone|maoral|agate|amber|amethyst|blazestar|carbuncle|chalcedony|coral|despanal|diamond|emerald|feystone|garnet|gem|mica|thanot|glimaerstone|heliodor|hyacinth|jacinth|moonstone|onyx|quartz|ruby|sapphire|spinel|topaz|tourmaline|turquoise|zircon|peridot|starstone|dreamstone|deathstone|sunstone|sandsilver|bluerock|diopside|ivory|jade|bloodstone|cordierite|sardonyx|opal|stone|lapis|obsidian|beryl|mother\-of\-pearl|azurite|spherine|wyrdshard|riftstone|aetherstone|pyrite|hematite|saewehna|wraithaline|smoldereye|mekret|roestone|auboraline|wraithaline|waterweb|gypsum|feldspar|nephrite|pumice|rivertear|tanzanite|idocrase|cinderstone|sandruby|bismuth|fluorite|chrysoprase|prehnite|heliotrope|viridine|crescent)$</noun>
		<exclude>^(?:.+ )?smooth stone$|^some powdered |^scaly burgee shell$|^faceted crystal crab shell$|^gleaming multicolored soulstone$|^elemental soulstone$|^(black-cored faceted star emerald|blackened angular bloodstone|block of beaver brown beryl|blossom of blushed ivory chalcedony|blue-swirled snow white garnet|bright red eyeball-shaped agate|cloud-shaped smoky grey smoldereye|copper-leafed pale green emerald|cracked crimson-flecked soulstone|crimson vathor-incised bloodjewel|cushion-cut circular violet sapphire|deep (?:black silver-flecked starstone|green bug-filled amber|umber paw-shaped stone)|ebon-ringed ruby|faceted (?:blue-tinged quartz|mint green sapphire|ocean blue roestone|yellow-tinged roestone)|fist-sized sunset orange coral|flake of green and brown jade|fractured spiderweb turquoise|grey-hazed thistle purple jade|hollow pasty white pearl|hooked shard of inky deathstone|hunk of verlok-carved marble|indigo-cored blue sapphire|irregular dull grey opal|kaleidoscopic oblong saewehna|keen-edged fiery red garnet|large peridot|lucid icy blue diamond|mottled pink and white riftstone|murky green scale-patterned quartz|nightshade berry-hued moonstone|nugget of green-tinged quartz|pale piece of imp-shaped marble|piece of perfectly clear topaz|pitted ghostly white pearl|polished (?:spike of argent topaz|sunset orange roestone|yellow-tinged sapphire)|princess-cut alexandrite stone|puce abyran-etched sphene|purple bruise-hued opal|purple plum-shaped pearl|scratched spherical sapphire|sickle of brittle pink quartz|sliver of (?:blue-tinged dreamstone|green-tinged glimaerstone|orange-tinged tourmaline|pale violet zircon)|small key of ink blue riftstone|smooth disk of firestone|solid orb of zombie-engraved hematite|speckled rose pink ruby|sphere of animal-carved ivory|spherical smoky plum pearl|spiny hedgehog-shaped gem|splinter of (?:grey-veined azurite|pale dragonmist crystal)|thin-rayed black diamond starburst|thumb-sized (?:blue-tinged tourmaline|mint green jade|sunny yellow dreamstone)|twist of mint green sapphire|twisted and cracked indigo amethyst|very small sliver of jasper|very tiny sea green glimaerstone|vibrant orange and red sunstone|wave-edged aquamarine spherine|some deep green bug-filled amber|some gnarled pitch black coral|some pale fine-grained gypsum|some lustrous grooved obsidian)$</exclude>
	</type>
	<type name="herb">
		<name>^(?:some acantha leaf|some spicy acantha leaf|tincture of acantha|tincture of yabathilium|yabathilium fruit|iceberry tart|some acantha leaf tea|grey mushroom potion|flagon of Olak's Ol'style ale|barrel of Olak's Ol'style ale|flagon of Bloody Krolvin ale|barrel of Bloody Krolvin ale|some aloeas stem|some withered aloeas stem|tincture of aloeas|feverfew potion|sticky lichen tea|flagon of Dark Swampwater ale|barrel of Dark Swampwater ale|rose-marrow potion|crystalline rose-marrow elixir|tincture of rose-marrow|elk horn potion|some feverfew tea|rusty red ale|flagon of Semak's Smooth ale|barrel of Semak's Smooth ale|brostheras potion|crystalline brostheras elixir|tincture of brostheras|some polar bear fat soup|pennyroyal potion|stone soot brew|flagon of Reaper's Red ale|barrel of Reaper's Red ale|some haphip root|some dirty haphip root|tincture of haphip|sparrowhawk pie|pennyroyal tea|dull crimson ale|flagon of Agrak's Amber ale|barrel of Agrak's Amber ale|some pothinir grass|some bright green pothinir grass|tincture of pothinir|musk ox tart|ginkgo nut potion|roasted ratweed tea|flagon of Aged Schooner ale|barrel of Aged Schooner ale|some basal moss|tincture of moss|sticky ball of basal moss|tincture of basal|some tundra grass|some ginkgo nut tea|chunky black ale|flagon of Mama Dwarf's ale|barrel of Mama Dwarf's ale|wingstem potion|crystalline wingstem elixir|tincture of wingstem|earthworm potion|wyrmwood root potion|dirty crevice brew|flagon of Wort's Winter ale|barrel of Wort's Winter ale|talneo potion|crystalline talneo elixir|tincture of talneo|rock lizard potion|wyrmwood root tea|brown weedroot ale|flagon of Gert's Homemade ale|barrel of Gert's Homemade ale|bur-clover potion|crystalline bur-clover elixir|tincture of bur-clover|starfish potion|daggit root potion|dirty rat fur potion|flagon of Volcano Vision ale|barrel of Volcano Vision ale|some ephlox moss|gooey ball of ephlox moss|tincture of ephlox|some frog's bone porridge|sweetfern potion|crushed cavegrass tea|flagon of Golden Goose ale|barrel of Golden Goose ale|some ambrominas leaf|some sugary ambrominas leaf|tincture of ambrominas|Dabbings Family special tart|some sweetfern tea|bubbling brown ale|flagon of Lost Dogwater ale|barrel of Lost Dogwater ale|some calamia fruit|some ripe calamia fruit|tincture of calamia|some walrus blubber|manroot potion|stalactite brew|flagon of Mad Mutt Frothy ale|barrel of Mad Mutt Frothy ale|some (?:prickly )?cactacae spine|tincture of cactacae|some elk fat gel|manroot tea|spotted toadstool ale|flagon of Bearded Ladies' ale|barrel of Bearded Ladies' ale|(?:some|small) sovyn clove|sovyn clove|tincture of sovyn|some rock ptarmigan feathers|angelica root potion|grainy black potion|flagon of Captn' Pegleg's ale|barrel of Captn' Pegleg's ale|bolmara potion|crystalline bolmara elixir|tincture of bolmara|snowflake elixir|red lichen potion|glowing mold tea|flagon of Kenar's Dropjaw ale|barrel of Kenar's Dropjaw ale|some wolifrew lichen|some dry wolifrew lichen|tincture of wolifrew|Leaftoe's lichen tart|some red lichen tea|thick foggy ale|flagon of Orc's Head ale|barrel of Orc's Head ale|some woth flower|some fragrant woth flower|tincture of woth|flower-shaped tart|valerian root potion|stalagmite brew|flagon of Dacra's Dream ale|barrel of Dacra's Dream ale|some torban leaf|some fresh torban leaf|tincture of torban|Ma Leaftoe's spiced torban tart|valerian root tea|dark frothing ale|flagon of Miner's Muddy ale|barrel of Miner's Muddy ale|slice of Ma Leaftoe's Special|slice of pickled walrus blubber|slice of sparrowhawk pie|tiny cup of polar bear fat soup|gelatinous elk fat tart|tiny flower-shaped tart|tiny ram's bladder tart|tiny musk ox tart|small egg and tundra grass tart|candied ptarmigan feather)$</name>
	</type>
	<type name="food">
		<noun>^(?:doughnut|tart|cupcake|cookie|muffin|apple)$</noun>
		<name>layer of onion skin|split\-tipped putrid green tongue|pallid slimy tongue|dark red minotaur tongue|rancid black liver</name>
		<exclude>^(?:Ma Leaftoe's spiced torban tart|Leaftoe's lichen tart|iceberry tart|Dabbings Family special tart|tiny cup of polar bear fat soup|gelatinous elk fat tart|tiny flower-shaped tart|tiny ram's bladder tart|tiny musk ox tart|small egg and tundra grass tart)$</exclude>
	</type>
	<type name="uncommon">
		<name>\b(?:adamantine|alexandrite|alum|bronze|carmiln|coraesine|deringo|drakar|drake|eahnor|eonake|faenor|faewood|feras|fireleaf|glaes|glowbark|golvern|gornar|hoarbeam|illthorn|imflass|invar|ipantor|iron|ironwood|kakore|kelyn|krodera|kroderine|laje|lor|mein|mesille|mithglin|mithril|modwir|mossbark|obsidian|ora|orase|razern|rhimar|rolaren|rowan|ruic|sephwir|urglaes|urnon|vaalin|vaalorn|veil|veil iron|veniom|villswood|vultite|widowwood|witchwood|wyrwood|yew|zelnorn|zorchar)\b</name>
		<exclude>(?:mithril|faenor|rhimar|ora|vultite)\-bloom$| (?:box|chest|coffer|strongbox|trunk|jar)$|\bAdventurer's Guild badge$|\b(?:pin|necklace|crown|talisman|pendant|ring|tiara|anklet|earring|earrings|clasp|bracelet|medallion|amulet|chalice|stickpin|brooch|badge|circlet|buckle|neckchain|band|earcuff|bracer|bowl|torc|ewer|barrette|flagon|urn|tray|cup|platter|stein)$|^(?:piece of snowflake obsidian|some lustrous grooved obsidian|piece of iron|slender mithril wand|twisted modwir short\-staff|flame-singed modwir tree|mithril fang|silver fang|steel fang|iron fang|bronze fang|(?:\w+ )?iron wand|black iron cauldron|(?:sea\-green|sky\-blue) glaes scarab|green alexandrite stone|piece of spiderweb obsidian|urglaes fang|obsidian eye|rust-colored laje spoke|small bronze egg\-shaped geode|(?:cracked|opaque|chipped|cloudy|faceted|polished|brilliant) (?:spinel|quartz|garnet|onyx|diopside|jasper|moonstone|turquoise|glaesine|zircon|peridot|amethyst) (?:claw|fang|serpent|hoof|drake|horse)|arrowhead of two-toned alexandrite|bronze\-hazed beige mekret cabochon|cloudy alexandrite shard)$</exclude>
	</type>
	<type name="valuable">
		<name>^(?:small crystal\-spoked wheel|dark\-spoked crystalline wheel|rough slab of silver|piece of petrified haon|piece of rosespar|polished shark tooth|fiery ruby talon|murky shadowglass orb|petrified tiger tooth|chalky yellow cube|deep blue sapphire talon|sparkling emerald talon|iron fang|silver fang|steel fang|copper fang|bronze fang|mithril fang|platinum fang|gold fang|glaesine crystal|petrified mammoth tusk|piece of petrified maoral|golden firemote orb|piece of petrified modwir|pinch of platinum dust|glistening onyx talon|(?:pinch|dram|handful) of gold dust|glaes dust|urglaes fang|black-cored faceted star emerald|blackened angular bloodstone|block of beaver brown beryl|blossom of blushed ivory chalcedony|blue-swirled snow white garnet|bright red eyeball-shaped agate|cloud-shaped smoky grey smoldereye|copper-leafed pale green emerald|cracked crimson-flecked soulstone|crimson vathor-incised bloodjewel|cushion-cut circular violet sapphire|deep (?:black silver-flecked starstone|green bug-filled amber|umber paw-shaped stone)|ebon-ringed ruby|faceted (?:blue-tinged quartz|mint green sapphire|ocean blue roestone|yellow-tinged roestone)|fist-sized sunset orange coral|flake of green and brown jade|fractured spiderweb turquoise|grey-hazed thistle purple jade|hollow pasty white pearl|hooked shard of inky deathstone|hunk of verlok-carved marble|indigo-cored blue sapphire|irregular dull grey opal|kaleidoscopic oblong saewehna|keen-edged fiery red garnet|large peridot|lucid icy blue diamond|mottled pink and white riftstone|murky green scale-patterned quartz|nightshade berry-hued moonstone|nugget of green-tinged quartz|pale piece of imp-shaped marble|piece of perfectly clear topaz|pitted ghostly white pearl|polished (?:spike of argent topaz|sunset orange roestone|yellow-tinged sapphire)|princess-cut alexandrite stone|puce abyran-etched sphene|purple bruise-hued opal|purple plum-shaped pearl|scratched spherical sapphire|sickle of brittle pink quartz|sliver of (?:blue-tinged dreamstone|green-tinged glimaerstone|orange-tinged tourmaline|pale violet zircon)|small key of ink blue riftstone|smooth disk of firestone|solid orb of zombie-engraved hematite|speckled rose pink ruby|sphere of animal-carved ivory|spherical smoky plum pearl|spiny hedgehog-shaped gem|splinter of (?:grey-veined azurite|pale dragonmist crystal)|thin-rayed black diamond starburst|thumb-sized (?:blue-tinged tourmaline|mint green jade|sunny yellow dreamstone)|twist of mint green sapphire|twisted and cracked indigo amethyst|very small sliver of jasper|very tiny sea green glimaerstone|vibrant orange and red sunstone|wave-edged aquamarine spherine|some deep green bug-filled amber|some gnarled pitch black coral|some pale fine-grained gypsum|some lustrous grooved obsidian|fragment of smoky grey shadowglass|arrowhead of two-toned alexandrite|claw of faceted iolite|lancelike leaf of almandine|curved bloodjewel fang|ombre blue amber feather|contorted blue amber tentacle|anatomical sanguine garnet heart|six\-sided murky grey crystal|shard of pellucid crystal|bronze\-hazed beige mekret cabochon|silvered pale amethyst wing|rough\-cut black onyx horn|pale sunstone koi fish|elementally (?:churning|stable|balanced) core|faintly glowing core)$</name>
		<noun>^(?:shell|nugget|plinite)$</noun>
		<exclude>^some powdered |^(?:scaly burgee shell|faceted crystal crab shell|dust beetle shell|small copper nugget)$</exclude>
	</type>
	<type name="plinite">
		<noun>plinite</noun>
	</type>
	<type name="ebongate">
		<name>^(black-cored faceted star emerald|blackened angular bloodstone|block of beaver brown beryl|blossom of blushed ivory chalcedony|blue-swirled snow white garnet|bright red eyeball-shaped agate|cloud-shaped smoky grey smoldereye|copper-leafed pale green emerald|cracked crimson-flecked soulstone|crimson vathor-incised bloodjewel|cushion-cut circular violet sapphire|deep (?:black silver-flecked starstone|green bug-filled amber|umber paw-shaped stone)|ebon-ringed ruby|faceted (?:blue-tinged quartz|mint green sapphire|ocean blue roestone|yellow-tinged roestone)|fist-sized sunset orange coral|flake of green and brown jade|fractured spiderweb turquoise|grey-hazed thistle purple jade|hollow pasty white pearl|hooked shard of inky deathstone|hunk of verlok-carved marble|indigo-cored blue sapphire|irregular dull grey opal|kaleidoscopic oblong saewehna|keen-edged fiery red garnet|large peridot|lucid icy blue diamond|mottled pink and white riftstone|murky green scale-patterned quartz|nightshade berry-hued moonstone|nugget of green-tinged quartz|pale piece of imp-shaped marble|piece of perfectly clear topaz|pitted ghostly white pearl|polished (?:spike of argent topaz|sunset orange roestone|yellow-tinged sapphire)|princess-cut alexandrite stone|puce abyran-etched sphene|purple bruise-hued opal|purple plum-shaped pearl|scratched spherical sapphire|sickle of brittle pink quartz|sliver of (?:blue-tinged dreamstone|green-tinged glimaerstone|orange-tinged tourmaline|pale violet zircon)|small key of ink blue riftstone|smooth disk of firestone|solid orb of zombie-engraved hematite|speckled rose pink ruby|sphere of animal-carved ivory|spherical smoky plum pearl|spiny hedgehog-shaped gem|splinter of (?:grey-veined azurite|pale dragonmist crystal)|thin-rayed black diamond starburst|thumb-sized (?:blue-tinged tourmaline|mint green jade|sunny yellow dreamstone)|twist of mint green sapphire|twisted and cracked indigo amethyst|very small sliver of jasper|very tiny sea green glimaerstone|vibrant orange and red sunstone|wave-edged aquamarine spherine|some deep green bug-filled amber|some gnarled pitch black coral|some pale fine-grained gypsum|some lustrous grooved obsidian|crystal of bile green diopside|dark grey dreamstone fragment|matte shadowy black deathstone|opalescent charcoal-hued moonstone|prism of cloudy grey beryl|scarlet-shot lustrous black bloodstone|silver-ringed cerulean aetherstone|smooth blue-green fire opal|striated black and grey jasper|translucent burnt umber garnet|wickedly curved diamond fang|blackened feystone core|grey\-streaked deep violet garnet|slice of pale bone white agate|small bronze egg-shaped geode|sigil\-incised teardrop bloodjewel|fragment of smoky grey shadowglass|rough\-edged matte white soulstone|faceted deep blood red ruby|fractured ebon-tinged soulstone|uncut dark crimson diamond|shard of pale grey shadowglass|arrowhead of two-toned alexandrite|narrow femur\-carved shell|curved shrimp pink shell|claw of faceted iolite|lancelike leaf of almandine|curved bloodjewel fang|ombre blue amber feather|contorted blue amber tentacle|fossilized thrak tooth|anatomical sanguine garnet heart|six\-sided murky grey crystal|shard of pellucid crystal|bronze\-hazed beige mekret cabochon|silvered pale amethyst wing|rough\-cut black onyx horn|slimy iridescent clam shell|chunk of crimson\-flecked onyx|sphere of carmine\-hued crystal|pale sunstone koi fish|notched green gold nugget|flake of coarse dark shale)$</name>
	</type>
	<type name="quest">
		<name>^(?:glowing ruby eye)$|^(?:cracked|opaque|chipped|cloudy|faceted|polished|brilliant) (?:spinel|quartz|garnet|onyx|diopside|jasper|moonstone|turquoise|glaesine|zircon|peridot|amethyst) (?:skull|horn|basilisk)$|^gleaming multicolored soulstone$|^elemental soulstone$</name>
		<noun>egg-eater|adder|rattlesnake</noun>
	</type>
	<type name="jewelry">
		<noun>^(?:pin|necklace|crown|talisman|pendant|ring|tiara|anklet|earring|earrings|clasp|bracelet|medallion|amulet|chalice|stickpin|brooch|badge|circlet|buckle|neckchain|band|earcuff|bracer|bowl|torc|ewer|barrette|flagon|urn|tray|cup|platter|stein|goblet|headband)$</noun>
		<exclude>^(?:dingy|plain|braided|twisted|intricate|large|thin|wide|polished|scratched|thick|dull|faded|small|flawless|inlaid|dirt\-caked|ornate|exquisite|shiny|bright|narrow) gold ring$|^(?:painted clay talisman|colorful clay talisman|rippled clay talisman|charred clay talisman|gold ring|glowing moonstone talisman|mottled malachite talisman|dimly glowing enruned bone talisman|ruby amulet)$|^(?:bent|corroded|dented|polished|rusty|scratched|shiny|tarnished) (?:anklet|bracelet|coin|cup|doorknob|earring|fork|horseshoe|medallion|nail|plate|ring|spoon)$</exclude>
	</type>
	<type name="junk">
		<name>^(?:(?:.+ )?smooth stone|steel shield|scratched steel helm|spirit shard|small block of salt|table leg|some tree bark|piece of iron|moldy bone|chipped brick|some tattered cloth)$|^(?:scratched|corroded|polished|shiny|tarnished|dented|rusty|bent) (?:ring|medallion|earring|anklet|bracelet|fork|plate|coin|cup|nail|spoon|doorknob|horseshoe)$|^(?:cracked|opaque|chipped|cloudy|faceted|polished|brilliant) (?:spinel|quartz|garnet|onyx|diopside|jasper|moonstone|turquoise|glaesine|zircon|peridot|amethyst) (?:claw|fang|serpent|hoof|drake|horse)$|^bronze scaling fork$</name>
	</type>
	<type name="lockpick">
		<name>^(?:straightened steel spring|tarnished silver coffin nail|rust-colored laje spoke)$</name>
		<noun>^(?:lockpick)$</noun>
	</type>
	<type name="magic">
		<name>^(?:incandescent crystalline vial|elementally tranquil core|handful of fine firestone dust|sky-blue potion|jagged glossy black shard|sea-green potion|ruby amulet|crystal amulet|gold\-framed clear crystal lens|dull gold coin|white flask|impure potion|pure potion|small glowing vial|grot t'kel potion|dirtokh potion|mirtokh potion|ayveneh potion|shiny vor'taz horn|dimly glowing enruned bone talisman|split\-tipped putrid green tongue|pallid slimy tongue|dark red minotaur tongue|rancid black liver)$|(?:light violet|emerald|reddish-brown|wavering|icy blue|stone grey|amethyst|dark red) sphere$|^(?:dingy|plain|braided|twisted|intricate|large|thin|wide|polished|scratched|thick|dull|faded|small|flawless|inlaid|dirt\-caked|ornate|exquisite|shiny|bright|narrow) gold ring$|^gold ring$</name>
		<noun>^(?:crystal|statue|filings|triangle|granules|square|cube|sculpture|figurine|prism|statuette|orb|statuette|miniature)$</noun>
		<exclude>^(?:painted clay talisman|colorful clay talisman|rippled clay talisman|charred clay talisman|murky shadowglass orb|chalky yellow cube|glaesine crystal|shard of tigerfang crystal|dark glimmering crystal|dark translucent crystal|diaphanous eight\-sided crystal|rock crystal|quartz crystal|ayanad crystal|s'ayanad crystal|t'ayanad crystal|n'ayanad crystal|golden firemote orb|small crystal flask|shard of dragonmist crystal|sphere of carmine-hued crystal|splinter of pale dragonmist crystal|ivory\-inlaid red oak square|six\-sided murky grey crystal|shard of pellucid crystal|tangerine wulfenite crystal|black-cored emerald orb)$</exclude>
	</type>
	<type name="scroll">
		<noun>^(?:palimpsest|paper|papyrus|parchment|scroll|vellum)$</noun>
	</type>
	<type name="skin">
		<name>^(?:bundle of )?(?:rolton horn|minotaur horn|rotted canine|troll knuckle|vor'taz horn|mottled faeroth crest|basilisk crest|scaly burgee shell|shelfae crest|rattlesnake rattle|crooked crone finger|spider leg|ghoul finger|aivren gizzard|spectre nail|bighorn sheepskin|skeletal warhorse jaw|faceted crystal crab shell|hisskra teeth|dust beetle shell|frosted branch|dessicated stem|shriveled cutting|bleached thorn|blood\-stained bark)s?$</name>
		<noun>^(?:ambergris|antler|beard|bone|caederine|canine|carapace|claw|crest|ear|ears|eye|eyeball|fang|feather|fin|finger|firethorn|fishscale|fur|heart|hide|hoof|horn|horseshoe|incisor|jaw|jawbone|knuckle|leg|mandible|mane|nail|nose|paw|pelt|pincer|plume|rattle|sail|scale|scalp|scraping|sheepskin|shinbone|shroud|skin|skull|snout|spine|stinger|tail|tailfeather|tailspike|talon|tentacle|thumb|toe|tongue|tooth|tusk|whisker|wing)s?$</noun>
		<exclude>^(?:moldy bone|perfect myklian belly scale|glowing ruby eye|pair of small steel jaws|glistening onyx talon|milky quartz eye|table leg|polished shark tooth|fiery ruby talon|obsidian eye|petrified tiger tooth|deep blue sapphire talon|sparkling emerald talon|large troll tooth|lynx skull|iron fang|silver fang|steel fang|copper fang|bronze fang|mithril fang|platinum fang|gold fang|petrified mammoth tusk|small troll tooth|some (?:prickly )?cactacae spine|shiny vor'taz horn|tarnished silver coffin nail|urglaes fang|wickedly curved diamond fang|curved bloodjewel fang|ombre blue amber feather|split\-tipped putrid green tongue|pallid slimy tongue|dark red minotaur tongue|contorted blue amber tentacle|fossilized thrak tooth|anatomical sanguine garnet heart|silvered pale amethyst wing|rough\-cut black onyx horn|carved rowan horn banded with silvery mithril)$|^(?:bent|corroded|dented|polished|rusty|scratched|shiny|tarnished) (?:horseshoe|nail)$|^(?:cracked|opaque|chipped|cloudy|faceted|polished|brilliant) (?:spinel|quartz|garnet|onyx|diopside|jasper|moonstone|turquoise|glaesine|zircon|peridot|amethyst) (?:claw|fang|serpent|hoof|drake|horse|skull|horn|basilisk)$|drinking horn$</exclude>
	</type>
	<type name="wand">
		<noun>^(?:rod|wand|baton)$</noun>
	</type>
	<type name="toy">
		<name>\btoy\b</name>
	</type>
	<type name="armor">
		<name>double chain$|full plate$|chain mail$|half plate$</name>
		<noun>^(?:mantlet|doublet|greathelm|greaves|aegis|shield|buckler|greatshield|armor|leather|leathers|helm|robes|hauberk|aventail|breastplate)$</noun>
	</type>
	<type name="weapon">
		<name>(?:long|composite|short) bow$|morning star$|ball and chain$|military pick$|pitch fork$|holy water sprinkler$|^ice pick$</name>
		<noun>^(?:adze|awl\-pike|axe|backsword|battlesword|blackjack|bludgeon|bola|broadsword|cestus|claidhmore|club|crook|crossbow|crowbill|cudgel|dagger|dart|discus|epee|espadon|estoc|falchion|fist\-scythe|flail|flamberge|gauche|greataxe|greatsword|halberd|hammer|hammer\-of\-Kai|handaxe|harpoon|hatchet|hook\-knife|jackblade|javelin|jeddart\-axe|kaskara|katana|katar|khopesh|knife|knuckle\-blade|knuckle\-duster|kris|lance|langsax|longsword|mace|machete|mattock|maul|naginata|net|paingrip|pilum|pitchfork|quarterstaff|short\-staff|quoit|rapier|razorpaw|runestaff|sabre|sai|scimitar|sledgehammer|spear|spikestar|staff|sword|tiger\-claw|trident|troll\-claw|voulge|wakizashi|waraxe|warblade|whip|whip\-blade|yierka\-spur|yumi|foil|bulawa|cleaver|yataghan|sapara|scramasax|warlance)$</noun>
	</type>
	<type name="clothing">
		<noun>^(?:breeches|kerchief|scarf|skirt|robe|robes|overcoat|mantle|bow|dress|sash|belt|gown|bag|bonnet|shirt|tunic|hat|kilt|shoes|hood|chemise|armband|cap|shawl|bandana|blouse|slippers|boots|pants|surcoat|greatcloak|vest|purse|pack|cloak|longcloak|pouch|satchel|tabard|sack|trousers|jacket|harness|bodice|leggings|knapsack|scabbard|snood|longcoat|sheath|frock|coat|quiver|socks|backpack|ribbon|cape|kirtle|gloves|kit|sandals)$</noun>
		<exclude>(?:long|composite|short) bow$|^(?:bone vest|dirty brown robes|leather sandals|leather skull cap|some leather boots|some leather sandals|some flowing robes)$|Guild voucher</exclude>
	</type>
	<type name="instrument">
		<noun>^(?:cymbals|tambourine|fife|flute|piccolo|ayr|cittern|lute|mandolin|theorbo|dulcimer|harp|lyre|psaltery|zither|bagpipes|cornemuse|enshai|cornett|crumhorn|lysard|shawm)$</noun>
	</type>
	<type name="jar">
		<noun>^(?:jar|bottle|beaker)$</noun>
		<exclude>^glass bottle$</exclude>
	</type>
	<type name="aggressive npc">
		<name>^(?:seasoned |grizzled |battle\-scarred |ancient |veteran )?(?:Shopkeeper|Innkeeper|Bartender|Patrol Leader|Bandit Lord|Bandit Lady|Gypsy Queen|Gypsy King|Guard Captain|Wall Captain|Drill Sergeant|Stable Hostler|Dungeon Master|Master Torturer|The Emperor|The Empress|ethereal (?:traveller|commoner|townswoman|villager|denizen|peasant|townsman)|black rolton|black-winged daggerbeak|carrion worm|fanged rodent|fire ant|giant ant|giant rat|kobold|lesser ghoul|mountain rolton|rolton|skeleton|slimy little grub|spotted gnarp|young grass snake|zombie rolton|Mistydeep siren|big ugly kobold|brown gak|cave gnome|fanged goblin|ghost|goblin|lesser frost shade|lesser shade|moaning phantom|pale crab|phantom|rabid squirrel|sea nymph|spotted gak|thyril|Bresnahanini rolton|cave gnoll|cave nipper|dark vysan|fire salamander|greater ghoul|greater ice spider|hobgoblin|ice skeleton|kobold shepherd|mountain snowcat|relnak|spotted velnalin|striped gak|striped relnak|troglodyte|velnalin|white vysan|black urgh|cobra|fanged viper|mongrel kobold|revenant|ridge orc|spotted leaper|urgh|water moccasin|whiptail|bobcat|coyote|dark apparition|mist wraith|mongrel hobgoblin|night golem|water witch|cockatrice|firephantom|leaper|lesser mummy|lesser orc|monkey|snowy cockatrice|spectral fisherman|spotted lynx|blood eagle|greater kappa|hobgoblin shaman|lesser burrow orc|lesser red orc|shelfae soldier|albino tomb spider|bone golem|crystal crab|greater burrow orc|greater orc|greater spider|mottled thrak|thrak|brown spinner|crocodile|death dirge|manticore|snow spectre|cave worm|giant marmot|gnoll worker|great boar|rabid guard dog|raider orc|werebear|Neartofar orc|shelfae chieftain|wall guardian|crystal golem|dark orc|darkwoode|deranged sentry|gnoll thief|great stag|plumed cockatrice|tawny brindlecat|agresh troll scout|black boar|brown boar|forest troll|giant weasel|great brown bear|grey orc|silverback orc|shadowy spectre|specter|swamp troll|arctic puma|black leopard|gnoll ranger|humpbacked puma|large ogre|luminous arachnid|neartofar troll|panther|puma|ridgeback boar|tomb wight|wolfshade|wraith|agresh bear|agresh troll warrior|banded rattlesnake|black bear|cave troll|fire guardian|fire rat|ghost wolf|ghoul master|hill troll|mongrel troll|mongrel wolfhound|mountain ogre|phosphorescent worm|plains orc warrior|red bear|wind witch|black panther|dark shambler|forest ogre|giant veaba|gnoll guard|krolvin mercenary|mountain goat|mountain troll|plains ogre|plains orc scout|spiked cavern urchin|bighorn sheep|cave lizard|elder ghoul master|fire cat|ghostly warrior|greenwing hornet|mountain lion|nedum vereri|plains lion|plains orc shaman|rotting krolvin pirate|shelfae warlord|thunder troll|war troll|krolvin warrior|agresh troll chieftain|arch wight|gnoll priest|major spider|massive grahnk|ogre warrior|steel golem|striped warcat|wood wight|ancient ghoul master|arachne servant|cave bear|plains orc chieftain|cougar|crested basilisk|dark panther|warthog|arachne acolyte|centaur|centaur ranger|crazed zombie|fenghai|niirsha|nonomino|rotting woodsman|zombie|arctic wolverine|burly reiver|giant albino scorpion|ice hound|night hound|reiver|roa'ter wormling|tree viper|veteran reiver|wolverine|carceris|gnoll jarl|krolvin warfarer|sacristan spirit|spectral monk|arachne priest|arachne priestess|jungle troll|tree spirit|grutik savage|cyclops|frenzied monk|lesser stone gargoyle|monastic lich|snow leopard|troll chieftain|darken|dobrem|fire ogre|giant hawk-owl|ki-lin|martial eagle|moaning spirit|grutik shaman|arctic manticore|ice troll|pra'eda|scaly burgee|elder tree spirit|giant albino tomb spider|hisskra warrior|hooded figure|hunter troll|jungle troll chieftain|lesser wood sprite|mammoth arachnid|tegursh sentry|ash hag|krynch|skeletal ice troll|wild hound|caribou|ghostly mara|giant fog beetle|rotting corpse|rotting farmhand|ghostly pooka|hisskra shaman|maw spore|mezic|moor hound|sand beetle|skeletal giant|three-toed tegu|cold guardian|colossus vulture|hisskra chieftain|lava troll|moor witch|rock troll zombie|skeletal soldier|spectral warrior|tundra giant|barghest|bog troll|moor eagle|shimmering fungus|spectral shade|spectral woodsman|troll wraith|water wyrd|arctic titan|dust beetle|fire giant|krolvin slaver|snow crone|spectral lord|undertaker bat|Sheruvian initiate|huge mein golem|lesser moor wight|magru|shadow mare|skeletal warhorse|tusked ursian|frost giant|grizzly bear|krolvin corsair|mud wasp|shadow steed|vesperti|wood sprite|greater bog troll|greater moor wight|stone gargoyle|storm giant|vourkha|forest bendith|kiramon worker|(?:red|yellow|green|blue|orange|purple|young) myklian|spectral miner|Sheruvian monk|bog wraith|lesser ice giant|roa'ter|skeletal lord|baesrukha|dark vortece|frozen corpse|minor glacei|phantasma|shan cleric|shan ranger|shan warrior|shan wizard|siren lizard|swamp hag|dreadnought raptor|night mare|wasp nest|bog wight|firethorn shoot|forest trali shaman|gaunt spectral servant|mastodonic leopard|polar bear|ice wraith|lesser vruul|cinder wasp|forest trali|greater ice giant|kiramon defender|lesser faeroth|rotting chimera|bog spectre|major glacei|dybbuk|horned vor'taz|red-scaled thrak|sand devil|warrior shade|waern|banshee|flesh golem|greater faeroth|seeker|snow madrinol|tomb troll|wooly mammoth|ice golem|lesser ice elemental|sabre-tooth tiger|stone sentinel|animated slush|ethereal mage apprentice|skayl|tomb troll necromancer|eidolon|nightmare steed|stone troll|decaying Citadel guardsman|glacial morph|lava golem|massive pyrothag|rotting Citadel arbalester|stone giant|black forest viper|massive black boar|black forest ogre|fire elemental|putrefied Citadel herald|wind wraith|Illoke mystic|phantasmal bestial swordsman|stone mastiff|Sheruvian harbinger|ice elemental|massive troll king|soul golem|fire sprite|grifflet|emaciated hierophant|red tsark|Illoke shaman|muscular supplicant|yeti|lesser griffin|hunch-backed dogmatist|krag yeti|fire mage|krag dweller|storm griffin|lesser minotaur|greater vruul|moulis|naisirc|minotaur warrior|shrickhen|farlook|raving lunatic|dhu goleras|minotaur magi|seraceris|Vvrael witch|Csetairi|caedera|earth elemental|gnarled being|bent being|stooped being|twisted being|lesser construct|Vvrael warlock|greater krynch|gremlock|lich qyn'arj|Illoke elder|aivren|festering taint|n'ecare|greater earth elemental|Illoke jarl|Ithzir scout|Ithzir initiate|lost soul|Ithzir janissary|water elemental|Ithzir herald|vaespilon|triton dissembler|Ithzir adept|greater construct|siren|triton executioner|fallen crusader|Ithzir seer|spectral triton defender|triton combatant|glistening cerebralite|triton radical|war griffin|triton magus|enormous rift crawler|ethereal triton sentry|darkly inked fetish master|greater water elemental|csetairi|Vvrael destroyer|soul siphon|ant larva|wizened orc hag|colossal titan|ravenous krolvin berserker|gnoll miner|vvrael warlock|monstrous crimson worm|chieftain|triton sentry|triton defender|minotaur magus|moulis stalk|hanging tree viper|nasty little (?:red|yellow|green|orange|black|blue) gremlin|(?:white|black|tan|roan|bay) centaur(?: ranger)?|huge (?:fire|lightning|lava|steam|air|ice|water|earth) elemental)$|^(?:seasoned |grizzled |battle\-scarred |weathered |veteran |hulking |haggard )?Grimswarm (?:giant|troll|orc) (?:warmonger|spellbinder|healer|empath|sniper|crusader|warlock|soldier|sorcerer|sorceress|ranger|warrior|elementalist|mage|wizard|raider|acolyte|guard|paladin|battlemage|archer|skirmisher|scout|shaman|warchief|pillager|marauder|cleric|initiate|dissembler|barbarian|fighter|scourge|champion|huntmaster|warmage|hunter|destroyer|witch|wrathbringer|adept|zealot|huntmistress)$|^(?:seasoned )?(?:dwarven|elven|halfling|erithian|human|giantman|half\-krolvin|gnomish|half\-elven) (?:thief|rogue|bandit|mugger|outlaw|highwayman|marauder|brigand|thug|robber)$</name>
	</type>
	<type name="undead">
		<name>lesser ghoul$|skeleton$|zombie rolton$|frost shade$|moaning phantom$|ghost$|lesser shade$|phantom$|greater ghoul$|ice skeleton$|revenant$|mist wraith$|dark apparition$|spectral fisherman$|lesser mummy$|firephantom$|bone golem$|snow spectre$|death dirge$|werebear$|darkwoode$|shadowy spectre$|specter$|wolfshade$|tomb wight$|wraith$|ghoul master$|ghost wolf$|elder ghoul master$|ghostly warrior$|nedum vereri$|krolvin pirate$|arch wight$|wood wight$|ancient ghoul master$|zombie$|nonomino$|niirsha$|crazed zombie$|rotting woodsman$|night hound$|spectral monk$|carceris$|tree spirit$|monastic lich$|moaning spirit$|elder tree spirit$|ice troll$|ghostly mara$|rotting farmhand$|rotting corpse$|skeletal giant$|ghostly pooka$|troll zombie$|skeletal soldier$|skeletal warrior$|spectral warrior$|troll wraith$|spectral shade$|barghest$|spectral woodsman$|spectral lord$|shadow mare$|skeletal warhorse$|lesser moor wight$|shadow steed$|vourkha$|greater moor wight$|spectral miner$|bog wraith$|skeletal lord$|phantasma$|baesrukha$|frozen corpse$|night mare$|spectral servant$|bog wight$|ice wraith$|lesser vruul$|rotting chimera$|dybbuk$|necrotic snake$|warrior shade$|waern$|banshee$|flesh golem$|seeker$|mage apprentice$|nightmare steed$|eidolon$|Citadel guardsman$|Citadel arbalester$|Citadel herald$|bestial swordsman$|soul golem$|wind wraith$|greater vruul$|naisirc$|shrickhen$|seraceris$|lich qyn\'arj$|n\'ecare$|lost soul$|vaespilon$|fallen crusader$|triton defender$|triton sentry$|soul siphon$|infernal lich$|frostborne lich$</name>
		<exclude>\btoy\b</exclude>
	</type>
	<type name="passive npc">
		<name>^(?:[\w\-]+ [\w\-]+ spirit|blind ferryman|elven captain|tiny black mouse|peddler Gertie|rock falcon|pretty flowery hooker|South Gate guard|spotted bull frog|sleek charcoal cat|sleek red\-tailed hawk|peglegged cat|middle\-aged human priestess|street urchin|speckled green frog|stooped old woman|hazel\-eyed dwarven priestess|tunnel sweeper|dusty miner|dwarven recruiter|city guardsman|overgrown snail|yellow canary|Dwarven deputy|wizened gnome|dirty rat|grey\-headed hawk|pelican|drunken sailor|blue wolf)$|^(?:gnomish|erithian|human|halfling|giantman|dwarven|elven|half\-elven|half\-krolvin) (?:traveller|magistrate|official|merchant|scribe|dignitary)$</name>
		<noun>^(?:wyrdling|traveller|magistrate|merchant|scribe|dignitary|official)$</noun>
		<exclude>tree spirit$|moaning spirit$</exclude>
	</type>
	<type name="escort">
		<name>^(?:gnomish|erithian|human|halfling|giantman|dwarven|elven|half\-elven|half\-krolvin) (?:traveller|magistrate|official|merchant|scribe|dignitary)$</name>
	</type>
	<type name="bandit">
		<name>^(?:seasoned )?(?:dwarven|elven|halfling|erithian|human|giantman|half\-krolvin|gnomish|half\-elven) (?:thief|rogue|bandit|mugger|outlaw|highwayman|marauder|brigand|thug|robber)$</name>
	</type>
	<type name="grimswarm">
		<name>^(?:seasoned |grizzled |battle\-scarred |weathered |veteran |hulking |haggard )?Grimswarm (?:veteran|warmonger|spellbinder|giant|troll|orc) (?:healer|empath|sniper|crusader|warlock|champion|huntmaster|warmage|soldier|sorcerer|sorceress|ranger|warrior|elementalist|mage|wizard|raider|acolyte|guard|paladin|battlemage|archer|skirmisher|scout|shaman|warchief|pillager|marauder|cleric|initiate|dissembler|barbarian|fighter|scourge|hunter|destroyer|witch|wrathbringer|adept|zealot|huntmistress)$</name>
	</type>
	<type name="lm trap">
		<name>^(?:green-tinted|thick glass|clear glass) vial|steel needle$|steel jaws$|(?:light violet|emerald|reddish-brown|wavering|icy blue|stone grey|amethyst|dark red) sphere$|dark crystal$</name>
	</type>
	<type name="lm tool">
		<name>^(?:superior|strong|solid|warped|thin|brittle) wooden wedge$|lock assembly$</name>
		<noun>calipers$</noun>
	</type>
	<type name="scarab">
		<noun>scarab$</noun>
	</type>
	<type name="collectible">
		<name>^(?:sliver of rough moonstone|piece of cloudy glass|shard of cloudy soulstone|golden piece of eight|ruby shard|luminescent sandstone chunk|whisper of divine essence|antique lockpick|fossilized shell|meteorite chipping|small blue clay mortar|marbled blue marble pestle|some grey-colored powder|thin-lipped clear glass bottle|blood-stained bandana|Elanthian Guilds Council token|ethereal chain|ethereal pendant|tiny ethereal orb)|^miniature (?:warrior|rogue|wizard|cleric|empath|sorcerer|ranger|bard|monk|paladin) figurine|^polished stone|^(?:oblong|glossy|shiny|slick|rounded|cubic|flat|ovoid|heavy|mottled) smooth stone|^handful of (?:silver|gold|icy blue|iron|coral) flakes|^(?:blue|yellow|red|black) cotton swathe|^threaded (?:pink|grey|white|black|green) pearl|^ornate (?:Charl|Cholen|Eonak|Imaera|Jastev|Kai|Koar|Lorminstra|Lumnis|Oleani|Phoen|Ronan|Tonis|Andelas|Eorgina|Fash'lo'nae|Ivas|Luukos|Marlu|Mularos|Sheru|V'tull|Gosaena|Zelia|Huntress|Leya|Onar|Voln|Aeia|Jaston|Kuon|Meyno|Niima|Illoke|Amasalen|Arachne|Laethe|Tilamaire|Voaris|Voln) statuette</name>
	</type>
	<sellable name="consignment">
		<name>^(?:faceted topaz wand|slender mithril wand|jagged brown crystal|slender crimson rod|wavy grey crystal wand|shadowy dark crystal wand|greater mana regeneration potion|greater mana\-well potion|glowing moonstone talisman|dark translucent crystal|diaphanous eight\-sided crystal|mottled malachite talisman|ayanad crystal|s'ayanad crystal|t'ayanad crystal|n'ayanad crystal|glimmering blue essence shard|glowing violet essence shard|some essence of earth|some essence of air|small troll tooth|large troll tooth|some essence of fire|some glimmering blue essence dust|some glowing violet essence dust|radiant crimson essence shard|perfect myklian belly scale|slender azure rod|crystalline globe|hazy glass vial|clear potion|some essence of water|glowing brilliant silver potion|silvery potion|elemental core|crystal core|pristine nymph's hair|pristine siren's hair|tiny golden seed|vial of farlook vitreous humor|greater mana potion|lesser mana\-well potion|lesser mana regeneration potion|inky necrotic core|some radiant crimson essence dust|glowing violet mote of essence|glimmering blue mote of essence|radiant crimson mote of essence|dark murky potion|pristine sprite's hair|dimly glowing enruned bone talisman)$</name>
		<noun>bezoar</noun>
	</sellable>
	<sellable name="gemshop">
		<name>^(?:shimmering nodule of marcasite|milky quartz eye|piece of petrified haon|piece of rosespar|polished shark tooth|fiery ruby talon|obsidian eye|murky shadowglass orb|chalky yellow cube|deep blue sapphire talon|sparkling emerald talon|glaesine crystal|rock crystal|quartz crystal|petrified mammoth tusk|piece of petrified maoral|some glaes dust|shimmertine shard|shard of dragonmist crystal|(?:pinch|dram|handful) of gold dust|golden firemote orb|petrified aivren egg|piece of petrified modwir|shard of tigerfang crystal|pinch of platinum dust|small crystal\-spoked wheel|dark\-spoked crystalline wheel|petrified tiger tooth|iron fang|silver fang|steel fang|copper fang|bronze fang|mithril fang|platinum fang|gold fang|glistening onyx talon|rough slab of silver|flake of coarse dark shale|kaleidoscopic oblong saewehna|cloud-shaped smoky grey smoldereye|splinter of pale dragonmist crystal|wickedly curved diamond fang|(?:round amber|mist blue|hazy red|smooth green) sea glass disk)$|drinking horn$</name>
		<noun>^(?:mithril|faenor|rhimar|ora|vultite)\-bloom$|^(?:thunderstone|doomstone|soulstone|riftshard|geode|rosepar|firestone|bloodjewel|pearl|corestone|gold dust|shell|sard|sphene|jasper|marble|eostone|maoral|agate|amber|amethyst|blazestar|carbuncle|chalcedony|coral|despanal|diamond|emerald|feystone|garnet|gem|mica|thanot|glimaerstone|heliodor|hyacinth|jacinth|moonstone|onyx|quartz|ruby|sapphire|spinel|topaz|tourmaline|turquoise|zircon|peridot|starstone|dreamstone|deathstone|sunstone|sandsilver|bluerock|diopside|ivory|nugget|jade|bloodstone|cordierite|scarab|sardonyx|pin|necklace|crown|talisman|pendant|ring|tiara|anklet|earring|earrings|clasp|bracelet|medallion|amulet|chalice|stickpin|brooch|circlet|buckle|neckchain|opal|miniature|goblet|stein|sculpture|band|stone|lapis|obsidian|beryl|mother\-of\-pearl|earcuff|azurite|cup|bowl|spherine|wyrdshard|riftstone|flagon|armband|bracer|flask|figurine|statuette|torc|statue|ewer|jug|plate|pitcher|baton|orb|rod|aetherstone|barrette|urn|tray|platter|pyrite|headband|hematite|saewehna|wraithaline|smoldereye|mekret|roestone|auboraline|wraithaline|waterweb|gypsum|feldspar|nephrite|pumice|rivertear)$</noun>
		<exclude>^(?:faceted crystal crab shell|steel treasure chest pin|slender crimson rod|glowing moonstone talisman|slender azure rod|opaque glass amulet|glassy black mica amulet|mottled malachite talisman|small statue|heavy quartz orb|wooden mouse talisman|smooth stone|crystal amulet|scaly burgee shell|small crystal flask|empty flask|white flask|dimly glowing enruned bone talisman)$|^some powdered |gold ring$|half plate$|full plate$|^(?:bent|corroded|dented|polished|rusty|scratched|shiny|tarnished) (?:anklet|bracelet|cup|earring|medallion|plate|ring)$|^ruby amulet$|^gleaming multicolored soulstone$|^elemental soulstone$</exclude>
	</sellable>
	<sellable name="pawnshop">
		<name>military pick$|ball and chain$|double chain$|morning star$|chain mail$|^(?:dull gold coin|white flask|small glowing vial|glaes dust|gold\-framed clear crystal lens|crystal amulet|small statue)$</name>
		<noun>^(?:crowbill|ribbon|crook|adze|aegis|amulet|anklet|armband|armor|aventail|awl\-pike|axe|backpack|backsword|battlesword|bag|band|bandana|barrette|baton|belt|blouse|bludgeon|bodice|bonnet|boots|bow|bowl|bracelet|bracer|breastplate|breeches|broadsword|brooch|buckle|buckler|cap|cape|chalice|chemise|circlet|claidhmore|clasp|cloak|club|coat|crown|crystal|cube|cudgel|dagger|dagger\-blade|dart|doublet|dress|earcuff|earring|earrings|estoc|ewer|falchion|figurine|filings|flagon|flail|flamberge|flask|frock|gauche|gloves|goblet|gown|granules|greataxe|greatcloak|greathelm|greatshield|greatsword|greaves|halberd|hammer|handaxe|harness|harpoon|hat|hatchet|hauberk|helm|hood|jacket|jeddart\-axe|jug|kaskara|katar|kerchief|kilt|kirtle|knapsack|knife|lance|langsax|leather|leathers|leggings|lockpick|longcloak|longcoat|longsword|mace|mantle|mantlet|mattock|maul|medallion|miniature|neckchain|necklace|orb|overcoat|pack|palimpsest|pants|paper|papyrus|parchment|pendant|pilum|pin|pitcher|pitchfork|plate|pouch|prism|purse|quiver|quoit|rapier|ring|robe|robes|rod|runestaff|sack|sandals|sash|satchel|scabbard|scarf|scimitar|scroll|sculpture|shawl|sheath|shield|shirt|shoes|skirt|slippers|snood|socks|spear|spikestar|square|staff|short\-staff|statue|statuette|stein|stickpin|surcoat|sword|tabard|talisman|tiara|tiger\-claw|torc|tray|triangle|trident|troll\-claw|trousers|tunic|urn|vellum|vest|voulge|wand|waraxe|warblade|whip|whip\-blade|yierka\-spur|yumi|katana|crossbow|platter|foil|pyrite|bulawa|headband|hook\-knife|sledgehammer|cleaver|yataghan|khopesh|javelin|shamshir|espadon|sapara)$</noun>
		<exclude>^(?:glaesine crystal|murky shadowglass orb|shard of tigerfang crystal|slender mithril wand|jagged brown crystal|slender crimson rod|wavy grey crystal wand|shadowy dark crystal wand|glowing moonstone talisman|dark translucent crystal|diaphanous eight\-sided crystal|mottled malachite talisman|dark glimmering crystal|wooden mouse talisman|rock crystal|quartz crystal|some glaes dust|slender azure rod|ayanad crystal|s'ayanad crystal|t'ayanad crystal|n'ayanad crystal|golden firemote orb|small crystal flask|empty flask|dimly glowing enruned bone talisman)$|Guild voucher</exclude>
	</sellable>
	<sellable name="furrier">
		<name>^(?:bundle of )?(?:jagged rift crawler tooth|hisskra tooth|rolton horn|minotaur horn|rotted canine|tundra giant tooth|troll knuckle|ogre tooth|vor'taz horn|mottled faeroth crest|basilisk crest|scaly burgee shell|shelfae crest|rattlesnake rattle|crooked crone finger|spider leg|ghoul finger|aivren gizzard|spectre nail|bighorn sheepskin|skeletal warhorse jaw|faceted crystal crab shell|hisskra teeth|blood\-stained bark)s?$</name>
		<noun>^(?:ambergris|antler|beard|bone|caederine|canine|carapace|claw|crest|ear|ears|eye|eyeball|fang|feather|fin|finger|firethorn|fishscale|fur|heart|hide|hoof|horn|horseshoe|incisor|jaw|jawbone|knuckle|leg|mandible|mane|nail|nose|paw|pelt|pincer|plume|rattle|sail|scale|scalp|scraping|sheepskin|shinbone|shroud|skin|skull|snout|spine|stinger|tail|tailfeather|tailspike|talon|tentacle|thumb|toe|tongue|tooth|tusk|whisker|wing)s?$</noun>
		<exclude>^(?:moldy bone|pair of small steel jaws|glistening onyx talon|milky quartz eye|table leg|polished shark tooth|fiery ruby talon|obsidian eye|petrified tiger tooth|deep blue sapphire talon|sparkling emerald talon|iron fang|silver fang|steel fang|copper fang|bronze fang|mithril fang|platinum fang|gold fang|petrified mammoth tusk|perfect myklian belly scale|some (?:prickly )?cactacae spine|small troll tooth|large troll tooth|layer of onion skin)$|^(?:bent|corroded|dented|polished|rusty|scratched|shiny|tarnished) (?:horseshoe|nail)$</exclude>
	</sellable>
</data>
